id,agent,time,score
1,3,15,-300
2,3,12,-500
3,3,53,1900
4,3,15,-1000
5,3,1,-500
6,3,25,-100
7,3,29,200
8,3,12,-500
9,3,30,-200
10,3,41,800
11,3,9,-500
12,3,33,-200
13,3,54,1400
14,3,19,-300
15,3,13,-500
16,3,11,-500
17,3,16,-800
18,3,18,-500
19,3,51,1200
20,3,45,1200
21,3,24,-200
22,3,17,-500
23,3,26,100
24,3,19,-300
25,3,24,-600
26,3,14,-500
27,3,19,-500
28,3,15,-500
29,3,21,-300
30,3,44,1700
31,3,33,-400
32,3,21,-800
33,3,22,-100
34,3,19,-600
35,3,17,-1000
36,3,9,-1000
37,3,5,-500
38,3,41,1200
39,3,47,1200
40,3,21,-600
41,3,15,-1000
42,3,7,-1000
43,3,23,-100
44,3,58,1800
45,3,20,-800
46,3,17,-300
47,3,18,-500
48,3,9,-1000
49,3,71,2600
50,3,13,-500
51,3,24,-800
52,3,33,900
53,3,10,-500
54,3,45,1000
55,3,16,-300
56,3,19,-800
57,3,26,-600
58,3,33,0
59,3,20,-800
60,3,22,-600
61,3,22,-800
62,3,52,1700
63,3,14,-1000
64,3,17,-300
65,3,26,-400
66,3,24,-100
67,3,16,-500
68,3,37,1100
69,3,11,-1000
70,3,4,-1000
71,3,29,500
72,3,21,-100
73,3,16,-1000
74,3,30,500
75,3,25,100
76,3,4,-500
77,3,23,-100
78,3,20,-300
79,3,5,-1000
80,3,34,1100
81,3,20,-300
82,3,23,-500
83,3,12,-500
84,3,6,-500
85,3,34,0
86,3,10,-1000
87,3,23,-100
88,3,15,-500
89,3,15,-500
90,3,18,-500
91,3,14,-500
92,3,38,800
93,3,25,-400
94,3,16,-1000
95,3,9,-500
96,3,45,1700
97,3,8,-500
98,3,20,-800
99,3,38,1100
100,3,15,-1000
101,3,30,-200
102,3,7,-500
103,3,16,-1000
104,3,20,-300
105,3,19,-1000
106,3,22,-300
107,3,20,-1000
108,3,10,-500
109,3,18,-1000
110,3,14,-500
111,3,4,-1000
112,3,16,-1000
113,3,14,-1000
114,3,12,-500
115,3,19,-1000
116,3,17,-500
117,3,8,-500
118,3,10,-500
119,3,4,-500
120,3,21,100
121,3,21,-500
122,3,18,-300
123,3,7,-500
124,3,25,-600
125,3,15,-500
126,3,15,-1000
127,3,14,-500
128,3,2,-1000
129,3,18,-500
130,3,24,-300
131,3,23,300
132,3,18,-500
133,3,22,-300
134,3,26,-800
135,3,3,-500
136,3,15,-500
137,3,26,300
138,3,12,-500
139,3,21,100
140,3,23,-300
141,3,14,-1000
142,3,15,-500
143,3,17,-500
144,3,18,-500
145,3,9,-500
146,3,20,-500
147,3,13,-500
148,3,36,-200
149,3,21,-300
150,3,18,-1000
151,3,16,-500
152,3,42,800
153,3,19,-500
154,3,42,1500
155,3,14,-500
156,3,13,-500
157,3,54,1700
158,3,19,-1000
159,3,23,-200
160,3,7,-1000
161,3,12,-500
162,3,22,-200
163,3,48,1900
164,3,12,-1000
165,3,15,-1000
166,3,24,-800
167,3,20,-800
168,3,22,-600
169,3,22,-600
170,3,20,-1000
171,3,15,-500
172,3,16,-300
173,3,27,-800
174,3,14,-1000
175,3,55,2700
176,3,24,-400
177,3,4,-1000
178,3,17,-500
179,3,39,600
180,3,16,-1000
181,3,24,-100
182,3,25,-200
183,3,35,300
184,3,18,-500
185,3,17,-1000
186,3,36,700
187,3,21,-500
188,3,15,-1000
189,3,27,-800
190,3,43,1500
191,3,30,0
192,3,23,-300
193,3,19,-500
194,3,69,2700
195,3,35,1100
196,3,47,1500
197,3,19,-500
198,3,22,-800
199,3,20,-500
200,3,19,-800
201,3,16,-1000
202,3,26,-100
203,3,27,100
204,3,14,-1000
205,3,1,-500
206,3,14,-500
207,3,18,-300
208,3,29,300
209,3,40,1100
210,3,2,-1000
211,3,65,3500
212,3,12,-500
213,3,32,800
214,3,23,-100
215,3,38,600
216,3,1,-1000
217,3,17,-800
218,3,46,1000
219,3,16,-500
220,3,20,-600
221,3,24,-100
222,3,12,-1000
223,3,18,-500
224,3,13,-1000
225,3,19,-800
226,3,11,-1000
227,3,22,-500
228,3,20,-100
229,3,19,-300
230,3,15,-500
231,3,22,-800
232,3,23,-300
233,3,26,500
234,3,41,1100
235,3,8,-500
236,3,91,4300
237,3,12,-500
238,3,12,-500
239,3,27,300
240,3,21,-600
241,3,16,-1000
242,3,34,700
243,3,24,-600
244,3,3,-1000
245,3,15,-1000
246,3,18,-1000
247,3,20,-100
248,3,15,-500
249,3,19,-500
250,3,28,-200
251,3,18,-1000
252,3,19,-300
253,3,22,-300
254,3,17,-300
255,3,10,-500
256,3,18,-300
257,3,45,600
258,3,16,-800
259,3,10,-500
260,3,99,5100
261,3,27,500
262,3,36,700
263,3,67,2900
264,3,7,-1000
265,3,16,-1000
266,3,46,800
267,3,18,-800
268,3,18,-800
269,3,18,-500
270,3,19,-500
271,3,20,-500
272,3,5,-500
273,3,13,-1000
274,3,13,-500
275,3,19,-1000
276,3,35,300
277,3,41,600
278,3,20,-800
279,3,19,-800
280,3,12,-1000
281,3,50,1300
282,3,23,-500
283,3,21,-1000
284,3,11,-500
285,3,17,-500
286,3,21,-1000
287,3,24,-400
288,3,20,-500
289,3,24,-600
290,3,16,-300
291,3,16,-500
292,3,5,-1000
293,3,29,500
294,3,20,-1000
295,3,31,0
296,3,17,-500
297,3,20,-100
298,3,59,1900
299,3,16,-800
300,3,26,-400
301,3,15,-500
302,3,20,-600
303,3,60,2100
304,3,31,0
305,3,18,-300
306,3,66,2000
307,3,12,-500
308,3,52,1500
309,3,25,-100
310,3,37,1000
311,3,17,-500
312,3,19,-1000
313,3,37,700
314,3,19,-300
315,3,25,-100
316,3,23,-200
317,3,22,-800
318,3,5,-1000
319,3,13,-1000
320,3,19,-1000
321,3,21,-800
322,3,15,-500
323,3,23,-500
324,3,59,2300
325,3,20,-500
326,3,11,-1000
327,3,16,-500
328,3,16,-300
329,3,47,1500
330,3,12,-500
331,3,17,-300
332,3,15,-1000
333,3,12,-1000
334,3,19,-1000
335,3,2,-500
336,3,21,-100
337,3,15,-500
338,3,35,500
339,3,13,-500
340,3,23,-800
341,3,8,-1000
342,3,14,-1000
343,3,21,-500
344,3,42,1700
345,3,38,200
346,3,11,-1000
347,3,19,-1000
348,3,19,-800
349,3,56,1300
350,3,4,-1000
351,3,29,200
352,3,23,-600
353,3,54,2500
354,3,22,-600
355,3,13,-500
356,3,9,-500
357,3,56,2500
358,3,64,1600
359,3,25,-100
360,3,28,-400
361,3,19,-1000
362,3,13,-1000
363,3,44,1000
364,3,48,1700
365,3,20,-500
366,3,7,-500
367,3,64,3100
368,3,16,-300
369,3,42,600
370,3,37,1000
371,3,8,-500
372,3,14,-1000
373,3,16,-1000
374,3,14,-500
375,3,16,-300
376,3,19,-800
377,3,18,-800
378,3,28,300
379,3,14,-500
380,3,45,800
381,3,14,-1000
382,3,27,-600
383,3,5,-1000
384,3,33,-200
385,3,23,100
386,3,13,-500
387,3,10,-500
388,3,17,-500
389,3,12,-500
390,3,10,-1000
391,3,14,-500
392,3,54,1500
393,3,12,-500
394,3,15,-500
395,3,23,-600
396,3,29,500
397,3,20,-500
398,3,21,-300
399,3,20,-300
400,3,15,-500
401,3,41,1000
402,3,20,-100
403,3,7,-500
404,3,4,-1000
405,3,32,-200
406,3,18,-1000
407,3,41,1300
408,3,17,-500
409,3,18,-100
410,3,19,-800
411,3,16,-500
412,3,14,-500
413,3,5,-500
414,3,12,-1000
415,3,18,-500
416,3,22,-300
417,3,18,-500
418,3,17,-500
419,3,46,1700
420,3,31,400
421,3,39,400
422,3,24,-100
423,3,8,-500
424,3,14,-500
425,3,16,-1000
426,3,44,800
427,3,29,300
428,3,15,-1000
429,3,13,-500
430,3,22,-800
431,3,6,-1000
432,3,14,-1000
433,3,13,-500
434,3,16,-1000
435,3,32,500
436,3,81,3900
437,3,2,-1000
438,3,15,-500
439,3,30,300
440,3,11,-500
441,3,90,5000
442,3,26,700
443,3,5,-1000
444,3,13,-500
445,3,9,-1000
446,3,53,1900
447,3,40,1900
448,3,15,-500
449,3,15,-500
450,3,3,-1000
451,3,13,-500
452,3,10,-500
453,3,28,100
454,3,19,-1000
455,3,16,-1000
456,3,15,-800
457,3,21,-600
458,3,18,-1000
459,3,16,-500
460,3,19,-800
461,3,16,-1000
462,3,26,-300
463,3,18,-1000
464,3,10,-500
465,3,17,-500
466,3,13,-1000
467,3,21,-1000
468,3,22,-300
469,3,29,-400
470,3,12,-500
471,3,21,-500
472,3,25,100
473,3,29,-600
474,3,13,-500
475,3,19,-300
476,3,9,-1000
477,3,6,-500
478,3,58,2500
479,3,39,600
480,3,20,-800
481,3,21,100
482,3,75,3500
483,3,20,-800
484,3,17,-500
485,3,15,-500
486,3,22,100
487,3,4,-500
488,3,20,-500
489,3,23,-800
490,3,45,800
491,3,29,-200
492,3,10,-1000
493,3,18,-300
494,3,19,-800
495,3,14,-500
496,3,20,-300
497,3,5,-500
498,3,13,-1000
499,3,29,-600
500,3,18,-500
501,3,104,5600
502,3,41,1100
503,3,24,-300
504,3,16,-500
505,3,9,-500
506,3,10,-1000
507,3,74,3200
508,3,16,-1000
509,3,18,-500
510,3,25,-600
511,3,67,3100
512,3,18,-500
513,3,27,-600
514,3,32,-400
515,3,33,1100
516,3,6,-1000
517,3,47,2100
518,3,25,-100
519,3,29,300
520,3,18,-1000
521,3,12,-1000
522,3,6,-500
523,3,10,-500
524,3,53,400
525,3,19,-300
526,3,13,-500
527,3,25,-500
528,3,24,-600
529,3,13,-500
530,3,16,-1000
531,3,19,-800
532,3,19,-600
533,3,17,-800
534,3,28,100
535,3,18,-500
536,3,22,-300
537,3,12,-500
538,3,18,-300
539,3,69,2200
540,3,61,2700
541,3,33,100
542,3,16,-800
543,3,2,-1000
544,3,49,1500
545,3,21,-300
546,3,88,4500
547,3,16,-500
548,3,23,-600
549,3,20,-100
550,3,42,1200
551,3,11,-1000
552,3,8,-1000
553,3,12,-500
554,3,17,-300
555,3,53,1900
556,3,20,-1000
557,3,30,500
558,3,3,-1000
559,3,16,-500
560,3,40,900
561,3,6,-1000
562,3,20,-500
563,3,50,2300
564,3,8,-500
565,3,24,-100
566,3,5,-1000
567,3,27,-600
568,3,23,-800
569,3,21,-1000
570,3,12,-500
571,3,28,-400
572,3,19,-500
573,3,15,-800
574,3,2,-1000
575,3,25,-600
576,3,18,-1000
577,3,65,2700
578,3,15,-500
579,3,17,-500
580,3,18,-1000
581,3,22,100
582,3,25,-600
583,3,16,-300
584,3,11,-1000
585,3,23,-400
586,3,4,-500
587,3,17,-500
588,3,25,-100
589,3,20,-300
590,3,32,700
591,3,25,-300
592,3,16,-1000
593,3,15,-1000
594,3,8,-1000
595,3,22,-1000
596,3,22,-300
597,3,15,-500
598,3,20,-500
599,3,17,-600
600,3,41,1300
601,3,15,-300
602,3,14,-500
603,3,25,-300
604,3,27,100
605,3,19,-500
606,3,14,-500
607,3,19,-1000
608,3,16,-1000
609,3,28,100
610,3,32,800
611,3,32,0
612,3,13,-1000
613,3,23,-800
614,3,13,-500
615,3,16,-500
616,3,3,-1000
617,3,41,1300
618,3,43,1700
619,3,17,-500
620,3,22,-300
621,3,20,-1000
622,3,21,-300
623,3,18,-300
624,3,14,-1000
625,3,19,-500
626,3,34,1100
627,3,23,-500
628,3,17,-500
629,3,22,-800
630,3,31,1300
631,3,21,-500
632,3,9,-500
633,3,24,-400
634,3,22,-600
635,3,12,-500
636,3,32,-600
637,3,11,-500
638,3,16,-1000
639,3,14,-500
640,3,16,-500
641,3,16,-1000
642,3,11,-500
643,3,54,1000
644,3,17,-300
645,3,23,-600
646,3,22,-100
647,3,16,-1000
648,3,36,700
649,3,19,-600
650,3,17,-500
651,3,39,1300
652,3,30,100
653,3,8,-500
654,3,46,1500
655,3,19,-800
656,3,46,1500
657,3,3,-500
658,3,8,-500
659,3,36,1300
660,3,13,-1000
661,3,23,-300
662,3,24,-300
663,3,15,-1000
664,3,18,-500
665,3,72,2200
666,3,12,-500
667,3,28,100
668,3,34,500
669,3,12,-500
670,3,27,-600
671,3,12,-500
672,3,15,-500
673,3,13,-1000
674,3,23,-100
675,3,9,-500
676,3,26,-300
677,3,22,-500
678,3,19,-800
679,3,22,-500
680,3,12,-1000
681,3,13,-500
682,3,21,-500
683,3,29,-400
684,3,54,2300
685,3,18,-500
686,3,4,-500
687,3,19,-1000
688,3,29,300
689,3,22,-1000
690,3,13,-500
691,3,12,-1000
692,3,17,-500
693,3,16,-500
694,3,29,-300
695,3,7,-500
696,3,16,-1000
697,3,17,-1000
698,3,11,-500
699,3,12,-500
700,3,40,800
701,3,7,-1000
702,3,31,0
703,3,27,-100
704,3,14,-500
705,3,44,1200
706,3,25,-600
707,3,55,2000
708,3,13,-500
709,3,24,-600
710,3,17,-1000
711,3,26,100
712,3,12,-500
713,3,30,300
714,3,20,-800
715,3,7,-500
716,3,18,-500
717,3,3,-500
718,3,20,-300
719,3,18,-1000
720,3,13,-500
721,3,12,-1000
722,3,22,-500
723,3,6,-1000
724,3,6,-1000
725,3,12,-1000
726,3,16,-100
727,3,14,-1000
728,3,4,-1000
729,3,8,-500
730,3,7,-500
731,3,17,-1000
732,3,96,4700
733,3,21,-300
734,3,13,-500
735,3,7,-500
736,3,16,-500
737,3,13,-500
738,3,21,-800
739,3,20,-600
740,3,25,300
741,3,14,-500
742,3,58,2000
743,3,27,-400
744,3,20,-1000
745,3,24,-300
746,3,19,-500
747,3,24,-300
748,3,64,2700
749,3,18,-1000
750,3,7,-500
751,3,18,-800
752,3,5,-500
753,3,13,-500
754,3,16,-500
755,3,22,-800
756,3,19,-500
757,3,20,-800
758,3,29,100
759,3,31,500
760,3,79,4000
761,3,33,0
762,3,15,-500
763,3,33,400
764,3,20,-800
765,3,16,-500
766,3,29,-100
767,3,29,300
768,3,18,-300
769,3,30,-300
770,3,19,-300
771,3,19,-500
772,3,14,-800
773,3,20,-500
774,3,12,-500
775,3,11,-1000
776,3,16,-1000
777,3,24,-100
778,3,16,-1000
779,3,13,-1000
780,3,16,-800
781,3,21,-500
782,3,42,1100
783,3,19,-600
784,3,19,-1000
785,3,33,0
786,3,14,-1000
787,3,14,-500
788,3,33,-400
789,3,24,100
790,3,52,1600
791,3,74,2800
792,3,14,-500
793,3,22,-300
794,3,47,400
795,3,39,1500
796,3,56,2100
797,3,17,-500
798,3,19,-500
799,3,21,-100
800,3,13,-500
801,3,19,-300
802,3,27,200
803,3,31,-200
804,3,47,1400
805,3,21,-400
806,3,41,700
807,3,25,100
808,3,43,2300
809,3,68,2800
810,3,29,700
811,3,18,-500
812,3,18,-500
813,3,21,-300
814,3,20,-1000
815,3,11,-500
816,3,20,-1000
817,3,11,-1000
818,3,34,0
819,3,7,-500
820,3,29,700
821,3,10,-1000
822,3,20,-500
823,3,17,-500
824,3,14,-500
825,3,58,1400
826,3,22,-600
827,3,16,-1000
828,3,14,-1000
829,3,15,-1000
830,3,52,1900
831,3,9,-500
832,3,21,-400
833,3,46,1500
834,3,36,600
835,3,25,-300
836,3,32,500
837,3,15,-500
838,3,20,-300
839,3,16,-500
840,3,19,-500
841,3,17,-500
842,3,24,-600
843,3,22,-800
844,3,7,-1000
845,3,10,-1000
846,3,24,300
847,3,26,0
848,3,14,-1000
849,3,13,-1000
850,3,18,-500
851,3,5,-1000
852,3,19,-500
853,3,14,-500
854,3,6,-1000
855,3,35,1100
856,3,38,400
857,3,14,-1000
858,3,14,-1000
859,3,17,-300
860,3,27,700
861,3,38,500
862,3,13,-500
863,3,14,-500
864,3,3,-1000
865,3,38,900
866,3,45,2100
867,3,8,-500
868,3,26,-600
869,3,29,0
870,3,26,-600
871,3,16,-1000
872,3,19,-500
873,3,16,-1000
874,3,23,-800
875,3,23,-800
876,3,37,1000
877,3,19,-500
878,3,15,-800
879,3,31,1100
880,3,40,800
881,3,21,-500
882,3,27,-100
883,3,4,-500
884,3,14,-500
885,3,31,-100
886,3,33,600
887,3,16,-1000
888,3,16,-800
889,3,15,-1000
890,3,41,900
891,3,18,-800
892,3,20,-300
893,3,19,-1000
894,3,16,-500
895,3,57,1900
896,3,21,-1000
897,3,32,300
898,3,26,-300
899,3,18,-1000
900,3,17,-500
901,3,13,-500
902,3,55,2000
903,3,11,-500
904,3,21,-600
905,3,14,-500
906,3,11,-500
907,3,23,-800
908,3,33,200
909,3,9,-500
910,3,20,-500
911,3,21,-100
912,3,5,-500
913,3,24,-300
914,3,25,-800
915,3,54,2300
916,3,33,700
917,3,47,1900
918,3,1,-500
919,3,43,1700
920,3,26,-600
921,3,18,-1000
922,3,17,-1000
923,3,12,-500
924,3,19,-1000
925,3,13,-1000
926,3,21,100
927,3,21,-1000
928,3,19,-500
929,3,18,-1000
930,3,35,-400
931,3,5,-1000
932,3,33,100
933,3,8,-1000
934,3,12,-1000
935,3,59,2100
936,3,10,-500
937,3,92,4800
938,3,16,-500
939,3,16,-500
940,3,18,-1000
941,3,20,-100
942,3,38,200
943,3,18,-1000
944,3,17,-800
945,3,22,-800
946,3,13,-1000
947,3,19,-800
948,3,18,-1000
949,3,24,-600
950,3,17,-500
951,3,17,-1000
952,3,20,-600
953,3,26,500
954,3,12,-1000
955,3,14,-1000
956,3,28,-200
957,3,22,-400
958,3,20,-100
959,3,28,100
960,3,21,-300
961,3,34,500
962,3,13,-1000
963,3,24,-300
964,3,21,-100
965,3,22,-200
966,3,1,-500
967,3,23,-100
968,3,14,-1000
969,3,18,-800
970,3,19,-800
971,3,42,1300
972,3,23,-100
973,3,34,400
974,3,37,400
975,3,34,600
976,3,18,-1000
977,3,18,-500
978,3,19,-1000
979,3,10,-1000
980,3,17,-1000
981,3,15,-500
982,3,19,-800
983,3,22,-100
984,3,16,-500
985,3,19,100
986,3,12,-1000
987,3,11,-500
988,3,18,-300
989,3,47,1900
990,3,19,-300
991,3,17,-500
992,3,14,-1000
993,3,5,-500
994,3,16,-500
995,3,13,-1000
996,3,16,-500
997,3,65,2400
998,3,14,-500
999,3,17,-500
1000,3,14,-500
1001,3,22,-100
1002,3,26,500
1003,3,11,-500
1004,3,4,-1000
1005,3,34,900
1006,3,16,-1000
1007,3,8,-1000
1008,3,99,4300
1009,3,30,300
1010,3,51,1900
1011,3,25,-400
1012,3,45,1800
1013,3,18,-1000
1014,3,81,3200
1015,3,18,-500
1016,3,8,-1000
1017,3,69,3300
1018,3,2,-500
1019,3,54,2100
1020,3,9,-1000
1021,3,12,-1000
1022,3,13,-1000
1023,3,12,-1000
1024,3,9,-1000
1025,3,16,-300
1026,3,48,1000
1027,3,20,-1000
1028,3,18,-1000
1029,3,10,-500
1030,3,18,-1000
1031,3,36,900
1032,3,65,3300
1033,3,19,-500
1034,3,17,-1000
1035,3,21,-1000
1036,3,20,-1000
1037,3,11,-1000
1038,3,26,-100
1039,3,32,400
1040,3,2,-1000
1041,3,2,-1000
1042,3,23,100
1043,3,8,-500
1044,3,17,-500
1045,3,20,-800
1046,3,20,-800
1047,3,19,-1000
1048,3,6,-1000
1049,3,17,-1000
1050,3,19,-500
1051,3,12,-1000
1052,3,63,2100
1053,3,20,-800
1054,3,20,-1000
1055,3,108,5100
1056,3,1,-500
1057,3,14,-1000
1058,3,16,-1000
1059,3,7,-500
1060,3,17,-1000
1061,3,16,-1000
1062,3,24,300
1063,3,6,-1000
1064,3,46,1500
1065,3,19,-1000
1066,3,5,-1000
1067,3,24,-100
1068,3,24,-400
1069,3,19,-1000
1070,3,28,300
1071,3,24,-300
1072,3,22,-600
1073,3,19,-800
1074,3,24,-800
1075,3,38,1300
1076,3,19,-600
1077,3,12,-1000
1078,3,17,-500
1079,3,20,-600
1080,3,43,1500
1081,3,35,600
1082,3,7,-1000
1083,3,17,-300
1084,3,19,-800
1085,3,26,-100
1086,3,26,-200
1087,3,32,1100
1088,3,17,-1000
1089,3,12,-1000
1090,3,22,-300
1091,3,6,-500
1092,3,29,-300
1093,3,17,-1000
1094,3,20,-300
1095,3,27,-600
1096,3,17,-500
1097,3,69,3100
1098,3,10,-500
1099,3,23,-300
1100,3,19,-500
1101,3,14,-500
1102,3,16,-1000
1103,3,16,-1000
1104,3,19,-500
1105,3,28,300
1106,3,22,-300
1107,3,12,-1000
1108,3,23,-800
1109,3,14,-500
1110,3,27,-600
1111,3,29,700
1112,3,24,-300
1113,3,20,-600
1114,3,12,-1000
1115,3,43,800
1116,3,54,2100
1117,3,46,1000
1118,3,1,-1000
1119,3,4,-1000
1120,3,19,-1000
1121,3,18,-1000
1122,3,4,-500
1123,3,8,-500
1124,3,64,2000
1125,3,17,-800
1126,3,31,500
1127,3,14,-1000
1128,3,12,-500
1129,3,19,-600
1130,3,21,-800
1131,3,35,200
1132,3,4,-1000
1133,3,16,-1000
1134,3,38,600
1135,3,25,-400
1136,3,11,-1000
1137,3,12,-1000
1138,3,16,-500
1139,3,20,-1000
1140,3,13,-500
1141,3,18,-500
1142,3,19,-500
1143,3,25,-300
1144,3,21,-100
1145,3,21,100
1146,3,25,100
1147,3,15,-500
1148,3,12,-500
1149,3,19,-500
1150,3,14,-1000
1151,3,10,-500
1152,3,40,1000
1153,3,19,-1000
1154,3,13,-500
1155,3,18,-300
1156,3,33,700
1157,3,82,3500
1158,3,35,400
1159,3,24,300
1160,3,27,100
1161,3,28,0
1162,3,1,-1000
1163,3,28,-300
1164,3,27,-400
1165,3,19,-500
1166,3,7,-1000
1167,3,15,-500
1168,3,44,1200
1169,3,25,-800
1170,3,52,2100
1171,3,16,-1000
1172,3,9,-500
1173,3,12,-1000
1174,3,73,3300
1175,3,13,-500
1176,3,22,-500
1177,3,6,-500
1178,3,16,-1000
1179,3,15,-500
1180,3,18,-800
1181,3,30,700
1182,3,28,-100
1183,3,16,-500
1184,3,20,-500
1185,3,16,-1000
1186,3,20,-1000
1187,3,43,800
1188,3,37,1300
1189,3,16,-500
1190,3,16,-500
1191,3,18,-300
1192,3,8,-500
1193,3,49,1500
1194,3,20,-1000
1195,3,24,-300
1196,3,23,-800
1197,3,37,200
1198,3,19,-300
1199,3,17,-1000
1200,3,16,-1000
1201,3,16,-500
1202,3,25,-200
1203,3,20,-600
1204,3,10,-500
1205,3,2,-1000
1206,3,6,-1000
1207,3,8,-500
1208,3,17,-500
1209,3,25,100
1210,3,97,5500
1211,3,21,-500
1212,3,28,-400
1213,3,23,-600
1214,3,18,-500
1215,3,21,-500
1216,3,23,100
1217,3,9,-500
1218,3,25,-800
1219,3,31,300
1220,3,6,-1000
1221,3,7,-1000
1222,3,16,-1000
1223,3,35,-600
1224,3,0,-1000
1225,3,14,-500
1226,3,18,-500
1227,3,16,-1000
1228,3,17,-500
1229,3,22,100
1230,3,20,-300
1231,3,20,-300
1232,3,21,-300
1233,3,17,-1000
1234,3,32,0
1235,3,38,1300
1236,3,12,-1000
1237,3,22,-800
1238,3,2,-1000
1239,3,6,-1000
1240,3,15,-1000
1241,3,16,-1000
1242,3,39,400
1243,3,2,-1000
1244,3,17,-500
1245,3,15,-1000
1246,3,17,-800
1247,3,36,1100
1248,3,25,-300
1249,3,71,3300
1250,3,22,-600
1251,3,47,1700
1252,3,28,300
1253,3,0,-1000
1254,3,17,-500
1255,3,38,800
1256,3,18,-1000
1257,3,22,-300
1258,3,21,-200
1259,3,17,-800
1260,3,36,100
1261,3,38,900
1262,3,35,400
1263,3,34,600
1264,3,20,-400
1265,3,15,-500
1266,3,23,-100
1267,3,18,-500
1268,3,19,-500
1269,3,23,-100
1270,3,18,-500
1271,3,13,-500
1272,3,13,-500
1273,3,19,-300
1274,3,24,-600
1275,3,28,-600
1276,3,22,-800
1277,3,18,-300
1278,3,10,-1000
1279,3,22,-600
1280,3,12,-1000
1281,3,17,-500
1282,3,94,4700
1283,3,26,-100
1284,3,32,300
1285,3,12,-500
1286,3,26,300
1287,3,35,600
1288,3,16,-500
1289,3,18,-500
1290,3,13,-1000
1291,3,18,-1000
1292,3,9,-500
1293,3,18,-500
1294,3,21,-100
1295,3,19,-300
1296,3,3,-1000
1297,3,21,-300
1298,3,31,900
1299,3,14,-500
1300,3,14,-500
1301,3,40,1300
1302,3,54,2200
1303,3,10,-500
1304,3,26,100
1305,3,25,-100
1306,3,30,100
1307,3,15,-500
1308,3,15,-1000
1309,3,17,-500
1310,3,67,3300
1311,3,10,-500
1312,3,22,-300
1313,3,17,-300
1314,3,18,-1000
1315,3,67,2200
1316,3,17,-500
1317,3,29,-200
1318,3,33,700
1319,3,54,1700
1320,3,19,-1000
1321,3,17,-500
1322,3,12,-500
1323,3,18,-500
1324,3,59,2700
1325,3,27,500
1326,3,20,-300
1327,3,27,-200
1328,3,23,-800
1329,3,22,-800
1330,3,19,-500
1331,3,24,-800
1332,3,15,-500
1333,3,16,-500
1334,3,17,-500
1335,3,17,-500
1336,3,19,-500
1337,3,25,-500
1338,3,7,-1000
1339,3,18,-300
1340,3,23,-300
1341,3,21,-300
1342,3,25,300
1343,3,25,-100
1344,3,25,100
1345,3,4,-1000
1346,3,5,-500
1347,3,24,300
1348,3,25,-300
1349,3,7,-1000
1350,3,16,-1000
1351,3,16,-1000
1352,3,48,1100
1353,3,35,500
1354,3,11,-500
1355,3,14,-500
1356,3,15,-500
1357,3,9,-500
1358,3,27,-100
1359,3,5,-1000
1360,3,14,-500
1361,3,20,-300
1362,3,15,-500
1363,3,15,-1000
1364,3,18,-500
1365,3,43,600
1366,3,32,500
1367,3,19,-1000
1368,3,15,-1000
1369,3,32,0
1370,3,36,900
1371,3,13,-500
1372,3,22,-500
1373,3,15,-1000
1374,3,10,-500
1375,3,27,-100
1376,3,50,1500
1377,3,66,3300
1378,3,11,-500
1379,3,1,-1000
1380,3,18,-500
1381,3,14,-1000
1382,3,36,900
1383,3,27,-800
1384,3,14,-500
1385,3,30,100
1386,3,42,1300
1387,3,34,0
1388,3,8,-500
1389,3,28,0
1390,3,13,-1000
1391,3,27,-600
1392,3,22,-200
1393,3,6,-1000
1394,3,20,-1000
1395,3,47,1300
1396,3,28,100
1397,3,31,200
1398,3,18,-300
1399,3,19,-1000
1400,3,22,-300
1401,3,19,-300
1402,3,37,-200
1403,3,16,-1000
1404,3,16,-500
1405,3,13,-1000
1406,3,18,-100
1407,3,22,-300
1408,3,13,-500
1409,3,6,-500
1410,3,23,0
1411,3,15,-800
1412,3,27,-600
1413,3,12,-500
1414,3,30,-100
1415,3,14,-500
1416,3,10,-1000
1417,3,10,-1000
1418,3,38,0
1419,3,17,-300
1420,3,27,-200
1421,3,15,-500
1422,3,18,-300
1423,3,11,-1000
1424,3,24,-100
1425,3,21,-300
1426,3,28,100
1427,3,25,100
1428,3,14,-1000
1429,3,32,700
1430,3,14,-500
1431,3,32,500
1432,3,15,-500
1433,3,42,1100
1434,3,10,-500
1435,3,34,700
1436,3,11,-500
1437,3,22,-1000
1438,3,26,-400
1439,3,6,-500
1440,3,9,-1000
1441,3,15,-300
1442,3,19,-300
1443,3,53,1200
1444,3,39,-200
1445,3,76,4500
1446,3,16,-1000
1447,3,25,-300
1448,3,0,-1000
1449,3,23,-100
1450,3,29,-100
1451,3,25,0
1452,3,46,1400
1453,3,14,-1000
1454,3,28,-100
1455,3,16,-1000
1456,3,19,-300
1457,3,33,500
1458,3,40,1100
1459,3,40,1100
1460,3,20,-800
1461,3,8,-1000
1462,3,19,-300
1463,3,55,1900
1464,3,43,1300
1465,3,20,-600
1466,3,14,-500
1467,3,19,-1000
1468,3,33,400
1469,3,16,-500
1470,3,13,-1000
1471,3,40,700
1472,3,14,-500
1473,3,14,-800
1474,3,22,-100
1475,3,15,-500
1476,3,35,600
1477,3,31,300
1478,3,15,-500
1479,3,20,-800
1480,3,33,900
1481,3,15,-500
1482,3,12,-1000
1483,3,30,-100
1484,3,71,2000
1485,3,18,-500
1486,3,19,-300
1487,3,19,-300
1488,3,26,700
1489,3,30,700
1490,3,26,200
1491,3,30,-200
1492,3,55,1600
1493,3,19,-300
1494,3,19,-300
1495,3,10,-500
1496,3,28,0
1497,3,42,400
